"NewPath","Size","Extension","SHA256"
"CHANGELOG.md","14171",".md","DE916020B7786A87E413977F41173A35713806A4B3808289B2284991126520B0"
"README.md","8648",".md","84B8B25ACEBCAAC10DD570BBD3BFF944CA651EEB08727EF391E428D7DDE784EA"
"api\openapi\common.yaml","6834",".yaml","AC713BFBF42388F61C5F90DF57368ADC5FB3DA85B1D9C7C65FA4FC685328EDA7"
"api\openapi\main.yaml","33657",".yaml","E67C0857220C0C5AD1A9E6A7371D2D7CC0C5B17DD11CA0FCE0FAD484DA958BE6"
"api\openapi\middleware.schema.json","3286",".json","F100CA525B7B6864CE814F9533ECDF22E93A2C4B287ABA16572EE0D806217514"
"api\openapi\modules\observability-errors.md","172",".md","B0585E1BEDA7F76ACAB62726DC41CDEBD0E08C6BA8109DA26B5CB4DA52B603A2"
"api\openapi\modules\observability-openapi.yaml","729",".yaml","35CF690C283CDF52D7115A54C696B799CCAF8048EB5C9B87B36B62C25AE2926F"
"api\openapi\modules\perception-errors.md","320",".md","E4B23F22E3DB58EF32F18C53D6425A33640622BCFA269EB709374B6C7CC426D3"
"api\openapi\modules\perception-openapi.yaml","3237",".yaml","5C83C5250A419E136211824AA0B4FD9B78441F7CA0721133CD35915A17F529E9"
"api\openapi\modules\policy_new-openapi.yaml","8944",".yaml","F2DB58ADC1100575928A35ECA3C49D56E20BC6BBDDE5ED31B63381D29EEACCAF"
"api\openapi\modules\prospective-errors.md","193",".md","5291424398CC31301A17ECB9C2E3BE8F8265B0F39E6C0833ADDB67985543E5A5"
"api\openapi\modules\prospective-openapi.yaml","5610",".yaml","FB9D3F1FA786BCA03C48B29A2BF94485B1D1337C1E3D06C3101B60058AA2A8A6"
"api\openapi\modules\retrieval_new-openapi.yaml","1460",".yaml","756AA4DE3886C267FDB9B0176CA7A4A8921F9A5D443A55DA8BC1705367911566"
"api\openapi\modules\retrieval-errors.md","164",".md","D56737F2AD4EA955241E77151B808D2EFA69C49848F6121A370DBB5D6F4FEE11"
"api\openapi\modules\retrieval-openapi.yaml","1097",".yaml","C6CCF90796DE93B4C675967539E019A911222E52013F65A7F97300D8BB2045A8"
"api\openapi\modules\retrieval-README.md","180",".md","26149F04088A7863BDBE642A7BD507E4023BB7AC5A1BF3C2E180821450DCD9D3"
"api\openapi\modules\sync-openapi.yaml","2818",".yaml","0A33DE51C1254E09F2C80E31D06D0A1DA5EA0A13614BDDBAADBB295E50ECC382"
"ci\contracts.yml","7243",".yml","7EDF8D7654F56A9B45985996CE1F3BE898F83D9E844A101B72C71BE9E0FB8E8F"
"events\envelope.examples.json","12332",".json","0E67F3162D485BC51D449B22EE4AFA3872BF83F3BA8A389479E63481117A43CA"
"events\envelope.md","5180",".md","8A7ECD9FA94656AE53525FB44684CF30612AF96AAA38770DC095DC29B6756C0D"
"events\envelope.schema.json","10236",".json","6E90FE49D4C9ECA1A170A1A320C3DEF4E2634434528AED2C9F0F07C05FC4229D"
"events\topics.yaml","4641",".yaml","0FE2C78078CDDFA4D1383C2B1B81A50B568443AC510352E7CDEE7E98FB65A86A"
"events\examples\action_decision_01.json","1253",".json","DC5FA63DB065555132304DA0A8C366BE0A5583E5B561468B7E103B8CB12339EC"
"events\examples\action_decision_02.json","1321",".json","C924BAA51FBF69F45A09DDCAD5F5AD678D18FE637AA7BC2BACC97518B0E45EF6"
"events\examples\action_decision_03.json","1305",".json","538C6677B4830B85A327735EBA784AE44737D429B2634CCDBE2DAF45A78E1BF8"
"events\examples\action_executed_01.json","1237",".json","543A244BF5CF34CEBC1FFD9708643DA076D87F4D6E6903C6D86E14020C1CF593"
"events\examples\action_executed_02.json","1320",".json","15BEF60CD5FFDE925093F14C2A64102C9317724102C1163E1D33225CA30C2BF9"
"events\examples\action_executed_03.json","1273",".json","7C7A5D4A1D18EF82F7A695851CFFF3639DEBC987122CB2D8B86D6BE38E5E4FD4"
"events\examples\affect_analyze_01.json","1233",".json","191A12BFA5C8E67A2CE9AD26B566CEB286F4EE7976D7F5F4E180AC5983BADCD2"
"events\examples\affect_analyze_02.json","1285",".json","8E91AA38CDA887F8F6E20B581672287FB288BCB8EB27EE7DC4905F0BBA2E0AA2"
"events\examples\affect_analyze_03.json","1257",".json","78F6305C3066C00E07F7AFAC05EDDE070B335272A87B3428052F30CF45334ED3"
"events\examples\affect_update_01.json","1228",".json","DAC24FF4803FF7E7174E601E8881AFDFC9C8821378E2BCF76C9B9C5FF9278FB2"
"events\examples\affect_update_02.json","1255",".json","1EFD469B247777969C891D54AD293C7E10FD8C7A1453612099628EED8F3B3089"
"events\examples\affect_update_03.json","1304",".json","ED339E057ECD496E1FEE51346DA1A064864F18E2AB74464157A9F1401E6FDDCA"
"events\examples\belief_update_01.json","1259",".json","18FF7C14388C7327C52937C35DBD4276FA5D0981720E01CD0D2059B8328C33B3"
"events\examples\belief_update_02.json","1284",".json","E39EFE25824609F887CBE4EBD5964AE21806CAA82F97C46B49EBA440D1296781"
"events\examples\belief_update_03.json","1301",".json","44189F53500B9F10F67F33F0455BD5A6F99C104B4939925FEDCE18346B8E51B6"
"events\examples\drive_tick_01.json","1258",".json","1DAC40AC4CB286356EDA25E01AEF4F2B619A1CBA86E09A774B75C8237CBF5AA1"
"events\examples\drive_tick_02.json","1279",".json","6DB8FD788DDE205280F66325F3DE0A4C8A4577EA1934CD34EA0D827E545D547F"
"events\examples\drive_tick_03.json","1270",".json","3462D1F593AACBA5750C10FA90F6CB362A3696FEEAF87F25B98585F858E4ED9E"
"events\examples\dsar_export_01.json","1308",".json","E32CE977C5FA07DF04001BB5955F5DD044C5B120EFD8CEAAEBD8A811E26C8389"
"events\examples\dsar_export_02.json","1341",".json","94CFD829BB3E7B43AF6E71A9B926FCF187292CEBBC6824DF3F87CC98D4BD5238"
"events\examples\dsar_export_03.json","1356",".json","4BB149AC8B4FC2CFF61C8483B6D21C8BB6560FCDF0810C10279CB7E1AB95AD54"
"events\examples\hippo_encode_01.json","1233",".json","7E33F63DCB4B143472762B15CF7356C9422E3E50951D69EC5907E62B71A67F28"
"events\examples\hippo_encode_02.json","1338",".json","054C8C8730B978B05BE7E263E46BFA9191235D8C44D0AE3E71ECC93671F583E7"
"events\examples\hippo_encode_03.json","1262",".json","6B386F79D72EE784784951A48CF2F904845A5C2A8A18D852702F59586AF01481"
"events\examples\hippo_encoded_01.json","1261",".json","29E958F40D298999AC039C6C91F80027FA3F68B9C43D11F0CD819E5B2A372A75"
"events\examples\hippo_encoded_02.json","1274",".json","4E9C579A1805C38E98E3E3139443683991707F2246859942A20CDD6D0D82DD67"
"events\examples\hippo_encoded_03.json","1261",".json","65BC3A8763D7448097257B1EF506A4D8A37F1C65CC5737A608E331004854B70E"
"events\examples\learning_tick_01.json","1248",".json","ADC2B7059CB9F709B1260F66EFF9D403BF97ACB5C7E90B278E596308814D61C5"
"events\examples\learning_tick_02.json","1289",".json","C6A3530C6AF4AD993FFF0A9509FB64AC0359F6E42056E80E45D1640388F74EDA"
"events\examples\learning_tick_03.json","1300",".json","4DE527D47B13E2C732FC714B1F2F3E5D788B6E1CCBB9F15E82863306714B8207"
"events\examples\metacog_report_01.json","1244",".json","600109F36A26BF9BA8735ED529CF16E97084BECEF927725F67FF76A8D345FEC7"
"events\examples\metacog_report_02.json","1304",".json","0A7D17674325B5A3F71622F61DAE1604B5B21C8918596CA8471F77B87CCF0C60"
"events\examples\metacog_report_03.json","1324",".json","3F2D7464EC3B40C879B081268911FF32A822AA529A45D1AD0B55F0D3CF7A2D54"
"events\examples\ml_run_event_01.json","1246",".json","D239034877427A117BB50652174E919F70B8B9DF05E5152AA6BE53CC3146682F"
"events\examples\ml_run_event_02.json","1321",".json","A9691D0916056BA592C24CC3F7A7C4D8295C9F213F74180FF39C8CE884B2D9DA"
"events\examples\ml_run_event_03.json","1305",".json","EFBC71927316C69E266C50D62A2E19C81A9AB51F01BCF30729AEA55E2F0C1E26"
"events\examples\pii_minimized_01.json","1263",".json","4450014D54CF516A2474771798572D7CB4146CB03FB9634BDC1E1D79B4181ACF"
"events\examples\pii_minimized_02.json","1299",".json","B6360147711FD6772FFB3AE3C744158525B9B685B837E038683C47FCC2E66B8B"
"events\examples\pii_minimized_03.json","1334",".json","7CD3AAFF4D167DC57909CBD61C351099E88FFF054D0974B7C012F2366DAD8588"
"events\examples\prospective_schedule_01.json","1307",".json","A0F2A49AB7791FCF650C27C0A4443EA1ECF70FCD768AA4E3848732EECF73E766"
"events\examples\prospective_schedule_02.json","1334",".json","57B15F90B08B4CA63AE4777588FE5FED3808D3F5DB40340C1119EDC29E43A1CF"
"events\examples\prospective_schedule_03.json","1337",".json","343240A84C69FA5AFB65045434939FC23DA54A490696E75C98021EEA6957ACA4"
"events\examples\recall_request_01.json","1282",".json","6B8F9A66C16234A06CE28CC96DB1D0D3D5FE196E1FAB360E4552B60B62D639E4"
"events\examples\recall_request_02.json","1265",".json","8998D126CB33F606195F3E1D96842DE03594670CD089AF0F42D108A5EBBF2004"
"events\examples\recall_request_03.json","1280",".json","AEF3BD8C08044E1C520BD58F3D3F0D7AF40468DC97BC696135297C8CA6A61FBE"
"events\examples\recall_result_01.json","1705",".json","5C10BB30F94DACC12D54C880E80C9B4B7A884F2BD943868A141768D3D60BE960"
"events\examples\recall_result_02.json","1855",".json","450B667AAE542818237E9E2F04FEC639280D61BC06A1C6FD612E332F86BBDA30"
"events\examples\recall_result_03.json","1660",".json","15ED7994C38A8133E8213E9C2C02E8F95E8AFB2C96D7E6C1AFA926D263A644F3"
"events\examples\reindex_request_01.json","1258",".json","2528C916CF0FF03850737337A45363333FD18DC1D00A2921C4AB0709D7D17846"
"events\examples\reindex_request_02.json","1329",".json","34B87F6EB5C08E779A9C2000C7A4252E7E535BDCF41C273D9967FD43D3B852EA"
"events\examples\reindex_request_03.json","1303",".json","FAA6F9A45534389E274C9E296C474D9CA06EB23141873AFC46A1FF66ACCAA9D8"
"events\examples\remind_tick_01.json","1262",".json","F63164FBA2ECE74FA52EF3DE69B8D51F0EFAEC3CA8A6EADCC8F455B8724C450C"
"events\examples\remind_tick_02.json","1298",".json","7A5E1960EA22C0F7340182D4527AB9930E38C52D5511974AE394E7749E38D52F"
"events\examples\remind_tick_03.json","1314",".json","0ABC026574AFFBDA7AB63A284D5AD45C256D55E6D7F4A088BCD585948C416D55"
"events\examples\safety_alert_01.json","1304",".json","F981715C01E0965DDF906991F904AA2537D3476947F72C09D57BBDF3C1185918"
"events\examples\safety_alert_02.json","1277",".json","02C4864BC74ACE994AEC4DDC653CDCE521BAB31B47AC9FCD7135F86CE1C3291E"
"events\examples\safety_alert_03.json","1310",".json","58E3BA55813A80348DEC7EA64A03173395A135DD40D58A7FF042C00B5BA9BA3F"
"events\examples\sensory_frame_01.json","1276",".json","69EF86390D34DC9D27BAAF0A73727AC8EE15554C37E8A67DF420FBF969A43907"
"events\examples\sensory_frame_02.json","1327",".json","D4CB608FEF34F9229E6545791B93276389A18C92288BB8B86FE6870F9EE8EA42"
"events\examples\sensory_frame_03.json","1304",".json","1019009BFD2D4349FB81746FD0DE9A53F6C27A27AFF9564B6CB3405339F242FB"
"events\examples\tombstone_applied_01.json","1407",".json","3C109CE174F6244EF3481CE6F7706F03E75DB998D929AE382B13C5838EB5246F"
"events\examples\tombstone_applied_02.json","1407",".json","F5CC2A7C53CE7E23BF343B89C1C00AC405C52BF434432D51AE9D9B1304C2B9CD"
"events\examples\tombstone_applied_03.json","1424",".json","6EEC4C20D492B0C3F252B4B69D2CFB013FC2089220E457BA023FD98A57387461"
"events\examples\workflow_update_01.json","1265",".json","2421CF34055040B03A057566C3D6FB5E270865D57089D036BDF24FDD45E10B5A"
"events\examples\workflow_update_02.json","1338",".json","B28A7CFBFFB69B6AF34D842651F7877D1FE7621F865633B7E93941C34100B65E"
"events\examples\workflow_update_03.json","1308",".json","175DBDAC3ABA1BA5F884478681949EAFEB96F8F8A97A42E45637E321921785EF"
"events\examples\workspace_broadcast_01.json","1292",".json","35BA6B0E766B96865CC6B85F2AE63CF8AD66C560B423525960CA93ADA8131AE5"
"events\examples\workspace_broadcast_02.json","1322",".json","A6C9BF11EDDEC62E7E58535D15E7523EF998E242F37263619C945DC60686A892"
"events\examples\workspace_broadcast_03.json","1306",".json","8347741132768571768B55E32F8928F90C32DAA6524B1E357729761882171003"
"events\modules\affect-catalog.json","2971",".json","264CBEE81476ECF877B1F47D7316F9C867E660242E34AB79CA0D5F807B90CA72"
"events\modules\arbitration-catalog.json","1967",".json","4EAB24DDAFBDBCA8BEDFAD0152CA5A4E6E284CA880430A5B6A911A8ECBE9B0B2"
"events\modules\arbitration-envelope.ref.md","154",".md","A34D486DFBBF492D778F7C4361A6D6C06773919DB66A3B790A860D84C4FB39AC"
"events\modules\episodic-catalog.json","1157",".json","546BC6B4CDBDD17D69F63D496E625E1ED828A3C2A6080429CE49280263A82773"
"events\modules\episodic-envelope.ref.md","475",".md","59F02BCC68F1D30BCFB3BAD7DCB0139E4B198247E768CC9548F2DF71AA8E6DDB"
"events\modules\perception-catalog.json","617",".json","6B68D77503869A43411C59FDF7D14AF0EE81F18C241236EF0EFFE7DE1C2F557C"
"events\modules\perception-envelope.ref.md","420",".md","5F1D58E2757327481A5B8F0070620979ED02CB7E4B1181375370CD283CD03CAD"
"events\modules\policy_new-catalog.json","10240",".json","95FA3A27EA928E7385976909EFBC02AE71AFF049C3A710DFBCEB4EB4DF2701F9"
"events\modules\prospective-catalog.json","1233",".json","6D7330A63D6CE98196BB7D1EA05E1C9CD27A29F5A634ABEE0CA825C26D041B29"
"events\modules\prospective-envelope.ref.md","305",".md","2F6A0A0A912F3B18D07785BA13DBCA9BE16A2C37BCA33182789D85323C51F56B"
"events\modules\retrieval_new-catalog.json","5401",".json","FA5C6133356F09D1D624A27FB048E6A7E53784E6B0E9C46834E9C3D46180100F"
"events\modules\retrieval-catalog.json","639",".json","27917205AEF3CAEA7AB6F5A4BFE19FABA80D7DFEE6ABA57D84E962B35D642B4B"
"events\modules\retrieval-envelope.ref.md","223",".md","FB88827E19F8BD30E1E607BCE22B49EB9A04E08EE9CC539F9CD0BAE4A81E81D6"
"events\modules\services-catalog.json","1585",".json","984C5B76629FBBF5DB960AE9C59B6DD16500C584376E7B4827DED310837A2EB0"
"events\modules\services-envelope.ref.md","437",".md","D55C7BF2591A354A93D13EE4BE625800FEFF353EB5F1E287008C2749226CCB75"
"events\modules\social_cognition-belief_update.schema.json","739",".json","5C71C6ADD9E7593AED667CB79817FAAD922BC32A1B29E350236160C54D5BE245"
"events\modules\social_cognition-catalog.json","722",".json","16E9E7364E38AECCE830F6B56193E2B6E654C43E581FE26D9FF890A8347B34BB"
"events\modules\social_cognition-intent_inferred.schema.json","701",".json","F005B9E26042E257EA75CC30A443D8549CD2FB3624EFAD572509350C26C04FAD"
"events\modules\sync-catalog.json","1841",".json","14BFF39B5BD6CDC180A90D23E3CD8C845555915429370EDD3469ACB841DC3493"
"events\modules\temporal-catalog.json","2827",".json","9048AF47697933D852F8DA122769B20DB6E80AB036283306CF1185C7144E1E8E"
"events\modules\temporal-envelope.ref.md","482",".md","2C09A5B5240B6FD54E2FE325B27F0339F32CF608B627350794BC734983BA428A"
"events\modules\workflows-catalog.json","1674",".json","3F5C84DA88B8CDC5D7860FA2033E2A89B7E6C1E3AD45059765C9C59EBF9ABADB"
"events\modules\workflows-envelope.ref.md","113",".md","4EE6CFC433527E438744B5CC62797ECE604FFFAD60B64A7EB5C34278ECB7FA79"
"events\schemas\_common.json","1551",".json","3B350E83B9FF56BF1B74D49ABCA73A04EFCE7DD4929761C30841B44F55F4CA51"
"events\schemas\action_decision.schema.json","1617",".json","0400DBAF61128AFE4F79711353CDA368B8BC1972962B43E2CFBDF67AAA4C039B"
"events\schemas\action_executed.schema.json","910",".json","7D294053A63CD5C6C9FAC30C792C49D14FD0D33E930CE9B70E54CED2DF058412"
"events\schemas\dsar_export.schema.json","846",".json","BCBFA5806CAC33F72042751C13F9117689DFD92CDFF5887CE3647F812D74FFEC"
"events\schemas\hippo_encode.schema.json","849",".json","D6453A64530C52777E87CFA0867626536D3A84FDD283C69FDD79AD81FFA2D36C"
"events\schemas\integration_thing_changed.schema.json","886",".json","224A66AB59B73C53ACD33C65E603A41D6D60D8A773FD905D840B138F8065B8EC"
"events\schemas\job_status_changed.schema.json","998",".json","0E02B01B1C36E6FAEB6191F74F43C5A8DD537AC26E1836CE116424DB068DCAD6"
"events\schemas\learning_tick.schema.json","859",".json","D6052F81BF107BA5CEAD5616A37FE6C45167D4739525E36812FCF4E06A648D88"
"events\schemas\memory_receipt_created.schema.json","875",".json","DFF2B6151DE895FF133BF0B15B3625031F09421B64C1F1C449F9CE8E2BC2EB21"
"events\schemas\ml_run_event.schema.json","864",".json","318DF8958D672330EA3303067EA9187C2087ACF9BE0D75CDEB48B5F58A798EDD"
"events\schemas\presence_device_changed.schema.json","672",".json","7FD4E9332DCAF86CBC0D4F4BC0E441FD57F8A12082F87CE3D67DA7A30CC6B951"
"events\schemas\prospective_remind_tick.schema.json","710",".json","7A0BBF48BFC76BF2459DC0DFF6D6CB14E49E80A3276F41668A5819C1C0893E23"
"events\schemas\prospective_schedule.schema.json","1349",".json","53E2638EBB18CD1B708F4EE1634E2443AEBD1DA3AA2C193A5D1AE461E86EE501"
"events\schemas\reindex_request.schema.json","642",".json","B6683125CFD409B91001B218169BC275BC5C7FA895A364AE462D9EAE6AE3AAB0"
"events\schemas\safety_band_changed.schema.json","714",".json","115FB0BBAE3E575F9AB32336AD96C370DFB00707CEAC93B84765913D191D2CA1"
"events\schemas\sensory_frame.schema.json","954",".json","79A8373831F73736151A05A7960DBEE5D9247717C69AF115B421DCB1FEE24C07"
"events\schemas\tombstone_propagate.schema.json","875",".json","71AAACC2DB7299ED7377B94248F7FE710C4311D19CE15BB658E384D50E4BA737"
"events\schemas\workspace_broadcast.schema.json","785",".json","8233917F764455A5717A1A9959A543690DA9F7992230EC092F34C847949D9B92"
"jobs\modules\episodic-jobs.yaml","249",".yaml","1036AEA1527F904FBD8225354CD1F38FAE872BB5F29DFBFA3B22774AF5C98631"
"jobs\modules\observability-jobs.yaml","187",".yaml","E316C5806F841BC752B3B43827F87EB5ECB636515359E94C6308F72CF41C823C"
"jobs\modules\perception-jobs.yaml","203",".yaml","A50AB958B511F46A5D57552BDF37709B525A121F9DF2A2E43B565F8417A1ACA4"
"jobs\modules\prospective-jobs.yaml","197",".yaml","22C8C6DAD1234F1206A8FA733A1E37274E8E63EE6301BDEEA11334C7201FA8B2"
"jobs\modules\retrieval_new-background.yaml","2238",".yaml","6729F89A726C363FF43D201C3296C4CEA0586A01EBA984B130D94F185B355CE1"
"jobs\modules\retrieval-jobs.yaml","3416",".yaml","AB45A3BEBAE2205FD2DC04DEBE2E97B546998B73803F6491F1A7708462E783D7"
"jobs\modules\temporal-jobs.yaml","303",".yaml","06CBE525766DF959AA37E4F78F0BBA7268D08F72885C446A6D394C30643F443F"
"jobs\modules\workflows-jobs.yaml","147",".yaml","5D0C2BDCB8A2E14BAF6B5C18E78483ECB3A4459D7F633B7B963C79582295491B"
"modules\action-README.md","319",".md","84FAC810F0AEE6E4305A20E0055D89F2BDC5C07889B625F9E4BCF1B4A58A4CE7"
"modules\affect-README.md","829",".md","4EDA1284A1C37D679EC7798C2A0989B5D9D73A8508BACA896FF207246D2210AD"
"modules\arbitration-README.md","407",".md","1A29EDA3FF13E38EAF69C682C1A1BE9BA17B6473722BA7E75270596F7C21EB97"
"modules\consolidation-README.md","394",".md","183AAA6F3B0CCE4A69662271AA20BBAC969DBB35B9F8DE18EBCC0790490568BE"
"modules\episodic-README.md","1203",".md","18AE02D342FF7A2AC5B33C018D6306F9FD428C8631122E68051154DE590BFCF9"
"modules\observability-README.md","943",".md","D23D897F6FB36F21C26D6B5347D855EED84298F2EF6A038F9699B1DB38AB7606"
"modules\perception-README.md","819",".md","60151097048BEB67D208943E98DDEC3DFAE4B97236EA0210C0197D370F9B1E75"
"modules\policy_new-README.md","6840",".md","9F4E8400B1E271106C033FEF6198F097BABD8491159B305993148CB20F221EF0"
"modules\prospective-README.md","424",".md","CAD5975A4DD8070ABDDD8D05B1FC227F1E0CF6F114D270B5EBAE4C000A519FA9"
"modules\README.md","7117",".md","2280C09465B4A93D2701BAC385D5E46DCC60DA1408708C2852F51770FD881239"
"modules\retrieval_new-README.md","563",".md","47D9AFE1C03E0B8BA49A5EBE221BBE27AB4A71222197D9DF3A3025C12D7AB87F"
"modules\retrieval-README.md","528",".md","9011AEFB95AEA1323DD84A17D7C94A725428B281B893AEEF2F0EFDBCEEA201EF"
"modules\services-README.md","779",".md","83503398D099E2A43B98371C9507EF2131DE3F64A3B1B358939A3988A28F8F00"
"modules\social_cognition-README.md","327",".md","A9B29FB6A72D89937FD1CD8C6F7ACF4F036496FF8F8E2BDFEB3B8A24D202AD9A"
"modules\sync-README.md","287",".md","67409075B90F281E7FCF763455AB341AB91FCBBDD9004879BBC0CE64093C25D8"
"modules\temporal-README.md","1009",".md","89C22BDFA0B46592237D059AD0BB70CEA0432EA5A40AA7A965E73888AA24E19F"
"modules\workflows-README.md","369",".md","88114E2F4158B2094A501C89CFFBB4E041EA9883909D332375AD3B13E78DCB49"
"observability\dashboards\arbitration-grafana.json","362",".json","FCC0714F836168177FACDBFB922244547226798ABCC0A3AC2A7B5319323F180A"
"observability\dashboards\episodic-grafana.json","60",".json","67757E80BC447AECFE784A1FBB50E7B6A3F467CB025F9C2938875DF861419343"
"observability\dashboards\observability-grafana.json","71",".json","C464FDA6EED5F7BEBF3EA9EF689768DD598D6DF329A31EA6C7B84F04944313A1"
"observability\dashboards\perception-grafana.json","203",".json","5EFBC7B4A02DD0C55294281FF6F81EE5A382858860C1E779C8984AF168F4CFC5"
"observability\dashboards\prospective-grafana.json","367",".json","34B88C4007BAD3A6084E7B136DF89E2361F521B06F4F167640D530DC8DE79B8C"
"observability\dashboards\retrieval-grafana.json","456",".json","D206CFC34E25E04303BEB7D81CB66F72BEF2D54A682667F6BEC4D1196BFCD910"
"observability\dashboards\temporal-grafana.json","331",".json","ABD1174FB952B7CA5A5F1594ECE735F4A9E8148030A194F78B19ECCDC7F4DAFE"
"observability\logs\arbitration-logs.md","113",".md","448A020CF526AE13E77811BF6496BA6AAC8D28E10D9961245FBE881EB8E64B78"
"observability\logs\episodic-logs.md","143",".md","5FCE612B98C3921E56BECAE80F2349DD8E5133F33249A6158BC06644D173862E"
"observability\logs\observability-logs.md","187",".md","897606A93AAEDEF58FFC8C01D0337B7F77DD0A55B59A32081578F0841648506B"
"observability\logs\perception-logs.md","94",".md","23F425E86DE4D0D7E79C78386F3151119E84AC97ACC7584A26D5009573F6A411"
"observability\logs\prospective-logs.md","57",".md","DA1AB5B0394D5B545AC5D66550658B88C430417E0652D4DCF0D545F40304C5E7"
"observability\logs\retrieval-logs.md","153",".md","AC2241ED059B2A664EF8EB1743AA2B86D455BA699D8D06F4632AFDAA07A9394B"
"observability\logs\services-logs.md","106",".md","F6FDA22BC849DC346406573ABBA4D533412891ADCA0125BAF6957EC6281DCBAD"
"observability\logs\temporal-logs.md","138",".md","C0A088FC83FDF8B3A0DF1CF350BFCBB69AE924E8014116654D73C547D07E3F59"
"observability\logs\workflows-logs.md","68",".md","1CD59E57742BBD2250484B3EBBAF128ECB297D99F1B78FB2FFB391649C70A527"
"observability\metrics\arbitration-metrics.yaml","315",".yaml","E6F9E4016FEDD0F3FC378941035D9DDF77CBD0FFF993A8D25C2BEB889F2B3B5A"
"observability\metrics\episodic-metrics.yaml","487",".yaml","20346AE4047AF670F845BDAA2A988F5006BCEEED9DA7C65AD9BB367B05734205"
"observability\metrics\observability-metrics.yaml","398",".yaml","0EEFB36AC4403D5A21D6CF8E13D149BF24B245B11B791BF99CF81C2645AD615B"
"observability\metrics\perception-metrics.yaml","331",".yaml","AE245D920E7A89E5155DBFAD5C33F99AA6E66028B71726A76C328F65F1226BBC"
"observability\metrics\prospective-metrics.yaml","231",".yaml","51F1CEEB80965395495E44BBB5FEF1547161C83D4D6C72A0F693C990D368E6CF"
"observability\metrics\retrieval-metrics.yaml","1797",".yaml","0D549B988321C1E405BBC387725E1A446505FB820B95CEFA2CA788F47FBB528E"
"observability\metrics\services-metrics.yaml","404",".yaml","469E04B0CC158090CEF4017C9B90083A1F1510FC9A8A985356446C12CF0D4472"
"observability\metrics\temporal-metrics.yaml","294",".yaml","11315B985B2C8EC09395F23E26A38E96DE339860AC35F75E74600311E050579B"
"observability\metrics\workflows-metrics.yaml","172",".yaml","FF68AA7583A5FC1868793F78069E12C3E7BD767C64431892DB09D0EF08919289"
"observability\traces\arbitration-traces.md","86",".md","223498CAB5D2CB05C50F93B3485F8433AB33EA5E9468D7E9A06450E5793C1616"
"observability\traces\episodic-traces.md","264",".md","F8B294C9B15FE438468543A5117445D552C01DEFBD80C5FEDA757EBFD1D4BF47"
"observability\traces\observability-traces.md","234",".md","60F16510530C8E1FDC5418668ED75F1C196FDA00970EA91A83C757EE112CC313"
"observability\traces\perception-traces.md","125",".md","34E834C173B9F9E43563973057B41795421455D51E5477B1301ADA5B1835C584"
"observability\traces\prospective-traces.md","109",".md","FF1EF22BB4B7FF808E27C1DA1560B076B59B6743C9D3CBB6E831DDB75ACD62B9"
"observability\traces\retrieval-traces.md","224",".md","7AD5480868DDD0C7025A2B008493BADF0FDBA1512068A4FC32CF9FE6F20161E0"
"observability\traces\services-traces.md","195",".md","21E4D0BFF7E2F6C287819AB62D56186C380C0DE8A826301D30B36CA9381378DC"
"observability\traces\temporal-traces.md","168",".md","48B13FD9ED7534B00140D23199247C5738AFE3EDAADAF5CF7FCCFBE8810A740F"
"observability\traces\workflows-traces.md","88",".md","6EBFF3888FE1337A2827DDCB2C6A69A72DF6DB4963AA544AF726D8BC01A6E0EE"
"policy\POLICY_VERSIONING.md","8653",".md","478095C02DAB3F650449CC7D600E83C6D769CF5468FC11FDB46DBCD681D02187"
"policy\modules\arbitration-abac_rbac.yaml","403",".yaml","544F7403DFFAD7A00609B97D7B7D44285764D8D1FEEEE5CD0A748ABBF8D543BB"
"policy\modules\arbitration-pii_redaction.yaml","110",".yaml","748FBDA13866674E0B16EB5090ED18527B13FA70FB633D9F174BFB371886FD6B"
"policy\modules\episodic-abac_rbac.yaml","861",".yaml","7E32AE2DAB80D8DC37B3C74E5199051D0DE9A9FC36C53BB163A2BAFD2DB01454"
"policy\modules\episodic-pii_redaction.yaml","281",".yaml","EEA7B2F9D622421031284DE6B26BF207DFBB2EA4F950918923CE631BC7EAC3D8"
"policy\modules\observability-abac_rbac.yaml","570",".yaml","B363F14525FAC95485ADD27CB35DCFA610BE7F15B2D24CE378A751D23CD1D6A2"
"policy\modules\observability-pii_redaction.yaml","248",".yaml","8FD25636AC1F1772EA173FE2785B6B6633817F62C37B8D802D18B93BCB49B187"
"policy\modules\perception-abac_rbac.yaml","525",".yaml","9008902EB3F1E63BCF473069FE24B9287FE3AAEF14CC0BE5CFEEFCEA118A7EF5"
"policy\modules\perception-pii_redaction.yaml","195",".yaml","7BC4C63D1225D4DED4ABBEBF3BDE4F17EFEEB84991D745E3D4E328A0D8EFD81E"
"policy\modules\prospective-abac_rbac.yaml","369",".yaml","ADB70A253E9408CC73849CD10D151DDD2B88E9AC3E9AD0AF746A348937C68348"
"policy\modules\prospective-pii_redaction.yaml","59",".yaml","CC552F07D711C76470AC153A961AB4CC099005AC7033752BB3ED787857E0BC7E"
"policy\modules\retrieval_new-security.yaml","2768",".yaml","49C45FBB00A8F9D9272F8163FEAFAF92F2D5FC59C2DCB3B049C1B0E27E8F4795"
"policy\modules\retrieval-abac_rbac.yaml","2409",".yaml","A697C564C7306AAC54CB14EBC1B3F2F5A3A23B868DAAC46EC49B170ABF719FCD"
"policy\modules\retrieval-pii_redaction.yaml","2259",".yaml","9F36246FFE859ECF2000E4D9DC6D5551804D765B4347BB41C60518CD9FF8B455"
"policy\modules\services-abac_rbac.yaml","503",".yaml","136DDFC83CC81BBF8DE424DA71CB608B9322789EA0D26851E6192ED2591BC3D7"
"policy\modules\services-pii_redaction.yaml","185",".yaml","4D498B97FE0F96DC17DE4183CB97AAF1E3545AA1AED9F2B218C1F51F7EC90E4A"
"policy\modules\temporal-abac_rbac.yaml","347",".yaml","E7D74FE0A3E71A88060BFC0FABD32B24CF32860AAEBFDBD1243F68969ED6D749"
"policy\modules\temporal-pii_redaction.yaml","237",".yaml","3EBE431B9E9BE4658F563D902AB47329B940CFD6F8BA7DB8B4642AB30F479A54"
"policy\modules\workflows-abac_rbac.yaml","50",".yaml","208D75FF9C576D44FA263C6CEB9B65A70131CC278C2DD809BDC8A501DAE2DEFA"
"policy\versions\action-versions.yaml","253",".yaml","F3130F3EE94E82AF7178733A81B665C4D6F58B29327ADF42481B740C4AF0FC4B"
"policy\versions\affect-versions.yaml","253",".yaml","368B47B9BEE8BA7B0F068510964EF222F3A4E257157CF7CEC93331DCC56B12DD"
"policy\versions\arbitration-versions.yaml","231",".yaml","8F7B44CF1C05741795A44C396805A36B777DE09F837D7BC130B76FEEA25445A5"
"policy\versions\consolidation-versions.yaml","260",".yaml","5DB305046994F615C2099353D31AB873BFD7865F0EFD91E41CEFAF8BB75C542F"
"policy\versions\core-versions.yaml","353",".yaml","13860A0FEC84FF74534B61E65B1AFB4D4551A6309C355976066A1CECE09D26D0"
"policy\versions\episodic-versions.yaml","336",".yaml","2279FFE41E557E807F2BD0F67F5FCC9E8C839BB138C2976F825EC161E2FAF8E7"
"policy\versions\memory-versions.yaml","355",".yaml","09189D68596B73AC61434D9853EAA56B631E9F1D1753BD2FCA1795B3C9FD7303"
"policy\versions\observability-versions.yaml","276",".yaml","BADB0061E356CD025C4F1AEA4DA74CDAD78BBB74DCBF600F3B92C44485AA447A"
"policy\versions\perception-versions.yaml","360",".yaml","D662ACDE188FBCE5398F6CD4E35AD845BB83EFEEA803184AD225D1505894B935"
"policy\versions\prospective-versions.yaml","282",".yaml","88255DBD6574E66D5B418D3A1A0EBAD174CE2934E796161806D467E3486B7579"
"policy\versions\retrieval_new-versions.yaml","159",".yaml","769522598686EF016AC99DA682E3EC37454A7CFCE82623AD5640BDCB56FA851B"
"policy\versions\retrieval-versions.yaml","215",".yaml","83AC2B31F7B597FBD329B7D6F08ED82FFAFA6DF668D7F7E325643C0FC4F3981F"
"policy\versions\services-versions.yaml","367",".yaml","4D5C15B0060F34A71C86D9DCF614CD0F28CF1A7EE07B3CEDCCB142C19D26AEF6"
"policy\versions\social_cognition-versions.yaml","269",".yaml","1759C16190B667E2F1D6851F9D0798EC3C5547C4F885ACE4355E8CDB433A080F"
"policy\versions\sync-versions.yaml","271",".yaml","10D1D0E155C5F5333B3981D6CC2BC82C091FEEF164FE9A54D186A24A981F0FB9"
"policy\versions\temporal-versions.yaml","228",".yaml","19918CFB69257661998942324245742C29E5DABCC369681C9230728EB5049B5C"
"policy\versions\workflows-versions.yaml","167",".yaml","FF4A56EB4305B41863A52330F1EEA1C5ED3147B41D1308F478A25EF247CE568D"
"security\modules\arbitration-authz_hooks.md","110",".md","04675F7C29226DCD992DE41DF1F173B58D32232638D165F19DAB8BB3B53AD73D"
"security\modules\arbitration-threat_model.md","254",".md","81F8B7927F4081D48EA1A0D46E427AC94EC130E388C5903740516FF6E20F248C"
"security\modules\episodic-authz_hooks.md","209",".md","76A7F567213DB325EC898E27E0F003611EF7C087A403B0E5CE6316A60D8366AF"
"security\modules\episodic-threat_model.md","478",".md","5A5D2606971F133B37311EFCF4A9A51872CA2E49A8FBBCAF62396B61560B89C4"
"security\modules\observability-authz_hooks.md","229",".md","D7955048112DCFEDBD871DD8DFCB6EE0EF3283B6651DBB90ABC671AD96B62DDE"
"security\modules\observability-threat_model.md","534",".md","A52F6A3A7DCE0B517CF250A9261BCC45115DAC125F6E4600AAD9894149C9AEB4"
"security\modules\perception-authz_hooks.md","202",".md","605D6E354EA3427B3B631C9A817B2959DC3D2F52C5C03D124F1030BFB6E99073"
"security\modules\perception-threat_model.md","476",".md","45A3C763D500CD7FEAED4F970773D740A9AE1E975AAD59B1F4714D1515CDF8C6"
"security\modules\prospective-authz_hooks.md","142",".md","2E00164638C11F339DD227ECA8D4480D6A7A8B314EDBA82D9403855CFCCE6E72"
"security\modules\prospective-threat_model.md","254",".md","AC854EBBF45F62193969B3FBF662E3B14CB15149AD9E55F02BE7AC57F8EE267F"
"security\modules\retrieval-authz_hooks.md","254",".md","DA30E2434FC67E472D68D9977DF0501161DFEEF043119E772217365743D0A544"
"security\modules\retrieval-threat_model.md","2261",".md","D8B2432A3B2C44D47E3B6A7BC62D4489186F90ED58596C963401BD81C0890AB8"
"security\modules\services-authz_hooks.md","208",".md","AE1A476A53F6DF3667E0BBB608F3078E3F867C26429CFE4EDB7D1B612E7AFFC6"
"security\modules\services-threat_model.md","482",".md","9C4AD076BAF8165CD53D8217A74ABA648A19C9661D99A1CAE1881C8C85A90032"
"security\modules\temporal-authz_hooks.md","220",".md","75F13409E46016C39961F4BF19E31D8BE1023162F00DA17CA05C3442BDE5D372"
"security\modules\temporal-threat_model.md","409",".md","A100496F6AE691AF33B50EFF6B920ABDB053BD1409FF30E23A0AED56F3B7F7CB"
"security\modules\workflows-authz_hooks.md","109",".md","3C95980C6360C22001CEA24816F8C5BEE4A7F667EE7BECF7389D166EEA0EB2A8"
"security\modules\workflows-threat_model.md","137",".md","D6E6BD5824E4C0B0CED90CA5E1F46A64898C41DC9F4D58656CCB146A921D29B2"
"storage\common.schema.json","2956",".json","C9BA54102AA731A3581ED183074F105006F8914B475171D30B45DB7C702987F4"
"storage\crdt.schema.json","0",".json","E3B0C44298FC1C149AFBF4C8996FB92427AE41E4649B934CA495991B7852B855"
"storage\interfaces.md","7133",".md","1FCF8117A76DF13E55BB50B77DE9B61889D7BBC8306D37C0077F055871EAC030"
"storage\README.md","1854",".md","50D602D6D4B8A5146C52F90D348DEF605FCD790E8E0BB1F31266AA168BB04660"
"storage\examples\affect_state.example.json","244",".json","2DAA7AB190CA0FF3F8CE71038B41146B2077B75308EA831404DA7134811AE237"
"storage\examples\crdt_log_entry.example.json","308",".json","EE0170479630149948E71079E043F88619E99C8A8763276F49E69DF76E069FFE"
"storage\examples\drives_state.example.json","155",".json","B0371C9EA492D247CF08ABF2959DD37DE38D2998B2764D65B20C5FBC526D0152"
"storage\examples\embedding_record.example.json","233",".json","58ED362B1E331A3BB1C809A3194514E5DA364E069BA682366158BDDAFF101A67"
"storage\examples\episodic_item.example.json","344",".json","DC4D5B370CF297AC31E43926A75F28F2252D0DC9950E2D871AEFCCA7B7399E53"
"storage\examples\episodic_sequence.example.json","152",".json","A94DD01D8077E2E408733C7E287EA737E45513CB15138F2A5D07C1D9F76B0DB0"
"storage\examples\fts_document.example.json","247",".json","4612FADBC949DC46CB7E5BAC0C7E829EE2D6890543674077869A3B08ECAB51C9"
"storage\examples\hippocampus_trace.example.json","166",".json","FBD741D9DF052AB34B52B299C0764894A6B774B4C38B8C58615AECD88E7F3C9B"
"storage\examples\imagination_snapshot.example.json","179",".json","BD10EC20EAD001EBBB52A6CEE78E5848E794C870246E7C1DDFEAFD8F019D7A31"
"storage\examples\index_checkpoint.example.json","209",".json","CBA2217714FA088754DABCD863B9A35C7BFD60416EE248A0BADD3F07CE7DFBCF"
"storage\examples\kg_edge.example.json","141",".json","4A4A2AC6C95D06265709583501911E4AF7D9159BF2985B20B2AE447CFAAB1855"
"storage\examples\kg_entity.example.json","126",".json","18B7D985A70EB3E6727F0FF13791E4EBDB985F03DAC7B7C6D5F87972C23FB574"
"storage\examples\metacog_report.example.json","198",".json","BCFACAA7FDBC7AABAFD8F6A4DC34EB91F67095284D0FC6913C19A09C2741827D"
"storage\examples\metric_point.example.json","94",".json","E72A4F1D8FD6D71912A99A37862ACB3CDAFE982819E066FA65E81A61C5044423"
"storage\examples\ml_run.example.json","175",".json","9AC462380D32327E0564440200E0AC511E1C2080741019DFFD25FEF637B511ED"
"storage\examples\pattern_detection.example.json","213",".json","68197BE501D6E79F7FDF09868503D5BA9D6BEDF647F095329F61D7948240E0EB"
"storage\examples\privacy_request.example.json","236",".json","1D414B200F125BC34FA485C9778414D0A522EE0C2000916627D0EBA3D881051D"
"storage\examples\prospective_task.example.json","194",".json","3BDAB23FA97FC0A60B298158F1354D5358BF2B9CCC7294CD688E204CAD90F5BF"
"storage\examples\rbac_binding.example.json","111",".json","9EBC84615B0B2D2099C6E9FB07003046B21D2F6098D55017421227B76F2E74BD"
"storage\examples\rbac_role.example.json","80",".json","0058B5C8E7C98119FD3D0F9624E6E3D8300DC81A065234B751730FEE2653239B"
"storage\examples\registry_prompt.example.json","119",".json","3BCCEAF1286877B5A1D46BBE0BBDCEF725B3D601CC758AA836328E94D993000F"
"storage\examples\registry_tool.example.json","105",".json","496B140873A50083813B1361497CF5FDFD32D8C99192E1F2512B30F8F19EBAF1"
"storage\examples\reward_event.example.json","128",".json","C14FAFC34919A4C7F649419C398880B2606E69C63052223DCFF38DB14136C3EA"
"storage\examples\semantic_item.example.json","173",".json","85569702A1C185F00FFFFFC3598F66E8C2DE98192A24DD0948342229E14C1496"
"storage\examples\tiered_locator.example.json","291",".json","F632DF20D10F970C1E2720D0269E4EBA3EB050DCA4A41E8F640E1382B914D01C"
"storage\examples\tombstone_record.example.json","201",".json","6C2074CD48C52A5CB3232AE74F01C02948AA59F48DA8CBA3B1662D1FD7E8D846"
"storage\examples\unit_of_work.example.json","288",".json","E50C53167E4FF67B2103858649D76E3A76A48B36668039B8367BA3F0B799C58F"
"storage\examples\vector_row.example.json","317",".json","DD29D0C109C4445A604CEB2C63AC47C7774EF6F969B6625C4E66C3FAA4DE5E40"
"storage\examples\workspace_state.example.json","217",".json","7AA9435271FB0CE18C7ED800C062E07AB0E96F6B1BEA62970146DE950715BD9A"
"storage\examples\write_receipt.example.json","338",".json","D44F186B485B615FFBCFF439C608B2826E33925DA201C05FA164FA526DDBB42D"
"storage\harness\README.md","343",".md","BC3DBAA253926F732A5559399833A12C55E2803A2B06A9BA2B8742ED60922C41"
"storage\harness\schema-index.json","3851",".json","E11B4F60E2A24614DF616AEAD259B861978EA8FAA4CD7F4F9E89F8AA38384BCC"
"storage\harness\validate.sh","1470",".sh","29990EC1D5C63EAC6C29137674B9A59F617C50498042A8E96A43F2F9CD20A80F"
"storage\indices\arbitration-indices.yaml","432",".yaml","6AE06385FD634CA54E6B24243FF2639A56AD772129E52BA775D580123B702E59"
"storage\indices\episodic-indices.yaml","663",".yaml","0651954E6769A8E09A2620010AB8F3F82A8E4DEE8FAC7CB9DCAAE60650B3DF80"
"storage\indices\observability-indices.yaml","376",".yaml","B11EDA99858546FA1940D415DC9BA37905D201C5C23E82E3F5C4E392F05FAAB5"
"storage\indices\perception-indices.yaml","321",".yaml","2D7529CAFF92066ADDC20F2E59F148EB1B5B2F0503E634746078DFD076A20068"
"storage\indices\prospective-indices.yaml","304",".yaml","6B32F9BDE062391D536AD43C6186981D1F6F29A014E7F2020BD7893F1B4F9D5E"
"storage\indices\retrieval-indices.yaml","1368",".yaml","1031D808B16116627DF900D63097C6D594A8A91AD9C4B865003B0AEB6E7E0A72"
"storage\indices\services-indices.yaml","535",".yaml","8B55DFA90CCE29ECF81C2960BF9E4F8AF93C0D32894FED8E2D806827868B1C13"
"storage\indices\temporal-indices.yaml","306",".yaml","C27D9E6869344F7730F883C4552D796071507D3382CCC85ED9436FB3D9B4DE48"
"storage\indices\workflows-indices.yaml","234",".yaml","0DC10F65B388F0AC43FD1D18732BB18EE8C68E3753399041678DE902730E49F4"
"storage\migrations\arbitration-v0_to_v1.md","110",".md","32F14B2F3FB4499C914F6834E99F02072DB504F5E11068A967EF72286B498275"
"storage\migrations\episodic-v1_to_v1.md","219",".md","829D161C99E1009CCCB20FB26E0A170DE784A4E9A0568943D24F5002E6A48E93"
"storage\migrations\observability-v1_to_v1.md","71",".md","5EC1BE5E50BC79959C6DAEDA6AFECCB0D75D8C29D77F1F15514AD6038E4372C7"
"storage\migrations\perception-v0_to_v1.md","160",".md","1ADA0538F8955F1E9DCD4CD498EFF530A44D71053C7833ECD6A3CBD8457B1927"
"storage\migrations\prospective-v0_to_v1.md","123",".md","259277D1A9EAFD64F2E2D3E7CB03C624F43E0893903625971CDCF89BB4F9A774"
"storage\migrations\retrieval-v0_to_v1.md","219",".md","4428C8812E0EF84B3F24E966C2CBFE75A6874624C15D646A70BB992690A596D6"
"storage\migrations\services-v0_to_v1.md","170",".md","02B3A4C0C6E88C5EF75DFF81C71F1FE55B25C2C851309F0F03E8D80CCEADA4EE"
"storage\migrations\temporal-v0_to_v1.md","237",".md","E407B4EAC96476C5C83D5AAF05D07D0DB183624FE374AF3E808A36A91848ABE1"
"storage\migrations\workflows-v0_to_v1.md","86",".md","457FFA47C3E47198B8C592E53A192F3AB45E4ED0F46663EA6E6E2C7E54CA1288"
"storage\schemas\action-action.receipt.v1.schema.json","719",".json","192FBA84356DFD1B85E56BE8BCEF97928FF5BBB42A138E496F9C98AA3DF2F539"
"storage\schemas\affect_state.schema.json","809",".json","FC61FF7B2833C21724D5C6011F39634F4727B6E8BAF88C81DC368016C251BF50"
"storage\schemas\affect-affect.state.v1.schema.json","931",".json","E801F8CE6A48F442FD9A968BD573328464710B3855BE3D5003F73FA9E772E741"
"storage\schemas\arbitration-decision_log.schema.json","626",".json","8D07D0A1C21FA6721A5B060124E263851D850284A8DB9B7B09164FBBEF637925"
"storage\schemas\arbitration-risk_assessment.schema.json","477",".json","10F040FA789FA6DD42EC7064EBAF77922C575BC5970581CA29582CADACE8E6EE"
"storage\schemas\common.schema.json","3220",".json","E370F5550CB06B5CD2A9C577CAFC5BF8577CA7230856E20E11CA27187A574B90"
"storage\schemas\crdt_log_entry.schema.json","938",".json","94873B090F0D9D11F61B94FFDC1749018DFDD2B93D902D24DBBA19AB4640B5E1"
"storage\schemas\crdt.schema.json","2313",".json","DCFC1FB16413B303845CF603D9345E5535D0B0B1862AE4E229382F57A84B48F0"
"storage\schemas\drives_state.schema.json","1013",".json","3AD82C9B4974E9A13DA6394B3826C1C5FDF3FD81164838F1317C12E4D1D4C3CD"
"storage\schemas\embedding_record.schema.json","977",".json","DAA65C7426B21556F0922FC07F0CCBD36AF19E8C98F44432F7E5A309BB257FCF"
"storage\schemas\episodic_record.schema.json","2740",".json","87CAC1E2D50F2FF32E7822F78826886DD18072A618E05D682AA17838694955A8"
"storage\schemas\episodic_sequence.schema.json","1108",".json","841B4D985F08161BC5848B4E7CFDA2AF3B828F4EE618E437EDD715137632194B"
"storage\schemas\episodic-episodic_event.schema.json","880",".json","4FBC07B5C3A7AB5257509670F473FC53B93D04277BC1BFD3389C8DA9996EC117"
"storage\schemas\episodic-episodic_link.schema.json","612",".json","340C980130AB224C52101ADCE40368264BA357A94942910EF9D1775A15F8D350"
"storage\schemas\episodic-episodic_segment_event.schema.json","460",".json","38DA0A3E96BC28A49D1294605AC906E0F3C503F7571473A1CA390C711D661DC6"
"storage\schemas\episodic-episodic_segment.schema.json","650",".json","3F86F0163CC80E4624F1E35EA5FF271FA939F7697CC39C7AE0EEA1AE4C383713"
"storage\schemas\fts_document.schema.json","1544",".json","266A0305CD981705E431EE7159A9B43805F07ED9CC4D4CA7493AA25C98E1B770"
"storage\schemas\hippocampus_trace.schema.json","1075",".json","6A6EF12F762A12C09688D9A5E055FE0C53E42D6306B77B764D9C97CB6560023B"
"storage\schemas\imagination_snapshot.schema.json","792",".json","AED74268AA6FDF278FD27175287CDF1DE4902D67EA8336220065D20D86F17DF4"
"storage\schemas\index_checkpoint.schema.json","667",".json","DFFDB89EEAFC110BF43A8CF18376B5C4E20D9DCDB78BD791A1BC9E1C071A8BB3"
"storage\schemas\kg_edge.schema.json","811",".json","20A61058B9DCDC4C76F4418E02FEBAC1A50B36A62E3441D8F68E266016093021"
"storage\schemas\kg_entity.schema.json","842",".json","5AF8A182A2DF6FC69721F9C1AF7436FCB0698A3353444F87AF425F161D1CD425"
"storage\schemas\metacog_report.schema.json","808",".json","EC2B2B353F81844E6B3BB19E786D48125833C3BEEE4B4F0EE9F3A24B26107C54"
"storage\schemas\metric_point.schema.json","626",".json","597B38837E28A81AB5AB5CAA9599108CAB772E184869B189208A5D42B70AC2DB"
"storage\schemas\ml_run.schema.json","803",".json","A37395A8292B7AF32055BB7C1F5F836F1B73DE454FAEFCF45AAB602AAAB6C2A5"
"storage\schemas\observability-log_record.schema.json","844",".json","1ED685A0FD6F6B5B7AADF1BE27C6818C46A135F2C6B4EA5BFA2A4FF4446657CD"
"storage\schemas\observability-metric_point.schema.json","670",".json","3EDCAA591BF57A8BD4988D6D61936F73D52F3AD2456FDCD2BC760415027E426D"
"storage\schemas\observability-span_record.schema.json","757",".json","F0164190CCBB145292CADE2ECAC6D58AA17A3851AEE1335AD749D445E01FC200"
"storage\schemas\pattern_detection.schema.json","771",".json","098160B9025E1DBB0B4BC623240AA1237A305CDA9F12DD7D859A796A04128209"
"storage\schemas\perception-frame_record.schema.json","781",".json","384F1912B47FFEAADB767328037C12E5F0902790CF7FCE6E1F66657A0E88FD7C"
"storage\schemas\perception-sensory_frame.schema.json","675",".json","7DD4A2AC4CC06F611570DA534EFD66EB238830B0B1097B0C354D23850FB21850"
"storage\schemas\policy_new-policy_decision.schema.json","7873",".json","C4AED978B342C001FC709658A80E1E72E98B84C1DE30DA416C4D4FAFF8BA1D0F"
"storage\schemas\policy_new-policy_document.schema.json","10777",".json","7E0B9713AB0D2254A49CD71FE9A8FC43BEFD58F3EA6F340CDE0F6BC7A03EBCEC"
"storage\schemas\privacy_request.schema.json","1022",".json","EFC5525A349ED0E66872FA858B8D4DABA7E87F75C588C0381ABBF6C420CC2961"
"storage\schemas\prospective_task.schema.json","1091",".json","0082BB8D9A40D30F3F754104CFEB427C2C6C76654FAE3D5636DA877A7D0CD793"
"storage\schemas\prospective-occurrence.schema.json","756",".json","306776FB047EB0798F46DB3753C538C552582313840F7007FA4FDAB436563F06"
"storage\schemas\prospective-reminder_delivery.schema.json","516",".json","2FEC3DC2663F51CCF2389F5EA85B03ABAEB68C8F8D6F42DBFFEFC0B297ABB5B1"
"storage\schemas\prospective-schedule_entry.schema.json","989",".json","75698C1B1F847D2C925FEF5AE9170532872D25B1B2B70B3D7A8D40C534B7E54B"
"storage\schemas\prospective-schedule.schema.json","679",".json","AA2DB9595DADA418DDB07D5D33C25CE2FB517A689114A797BE04A8EFABE2B202"
"storage\schemas\prospective-tick_delivery.schema.json","452",".json","6D9AE414931F2ED116D792A33B792102064732E0FE88F5C5E43B7CCE0A1251FD"
"storage\schemas\prospective-trigger.schema.json","1351",".json","6CD96BCDDED5F56E119BD4891223911B570AEF57F797900C6B8F0D7559986B07"
"storage\schemas\rbac_binding.schema.json","867",".json","8BD8B90A10C12761E566D7F776A8BE3EE19CD690C042F05C8CA428F2C3B6F944"
"storage\schemas\rbac_role.schema.json","500",".json","3583D86A1BAD96E1A0E81673BD1861FA84453A3479E1FBEFE53647C55A73A049"
"storage\schemas\registry_prompt.schema.json","644",".json","41182F9DFD8030D446856EFFAE65F814C183E9A4D8D6BC3BC36C4468566DB41B"
"storage\schemas\registry_tool.schema.json","684",".json","C5AFCB65A2C477C55CC3BD82AB491D4937A713D1777818B14160D1AB7D6025B3"
"storage\schemas\retrieval_new-index_entry.schema.json","3301",".json","B329F2871808EFE17BE0F0CEA80FB49ED2A206402B3197D3AAC5A22B19211C35"
"storage\schemas\retrieval_new-query_trace.schema.json","2926",".json","C48144A58F8F6D0804533FAADFB38E23A2FA818CF11C7A2D1EDB8D2C7901860A"
"storage\schemas\retrieval_new-retrieval_result.schema.json","2522",".json","3C8B8254DDCCEED83AF5478EE7AC24291AFE0DFCA604A7719B9789CB980AEB21"
"storage\schemas\retrieval-cache_entry.schema.json","2713",".json","961E0FCAA395A392DCBE0B423A48265CB3BDCE9616C2BD2163147BB11FB12559"
"storage\schemas\retrieval-query_log.schema.json","2507",".json","7B584E71EA3FF322C497B9FB26304211EAA4C4F16FD82A6D5ADF08F29FE94899"
"storage\schemas\retrieval-retrieval_cache_entry.schema.json","736",".json","A5CBCBC7B271845AEB02DA51BA5657279F361CB4A09F992A4A8B0A86F1EEC9B5"
"storage\schemas\retrieval-retrieval_trace.schema.json","643",".json","967A7FEFFA82FBADE6D92ACA9B36E99A901C326212CA752D58958124EC7C3DB9"
"storage\schemas\retrieval-trace_log.schema.json","937",".json","32C99BB3F332E379DAE7D8F375EA179D2357482463ECDD9BD8821310F3F929B0"
"storage\schemas\reward_event.schema.json","786",".json","831E13FCC78C5FFF62E742695D71F9F23FFEA9809384CBC145CBB2D63FFA32CD"
"storage\schemas\secure_item.schema.json","979",".json","19F309A2BB74C5E0FB1A891E37CAA836CC91436618B684F0EEE477418E64F325"
"storage\schemas\semantic_item.schema.json","1073",".json","E15F8677997D149462A71FB5736D6F678FBF6DCF58B5C290DBA120054A899FEF"
"storage\schemas\services-service_receipt.schema.json","927",".json","AB1543503BC02935FA58E62B56AC8D3A00A9B7A5AA3B9C82495050857F6BDF4B"
"storage\schemas\services-service_registry.schema.json","946",".json","541F48269E8B915D0FFE92832759BE114CBF0612445A99F7162DA54A0BA7B01D"
"storage\schemas\services-service_status.schema.json","742",".json","A3BD7F2D016FB4D6D55C5C0DF71D304F151D8EC1496241A2BD438804F2410A3E"
"storage\schemas\temporal-time_index.schema.json","799",".json","B4DD60E73D356EF06A4813C8F304A62F038EA94D22BA583CE2E2FEE19CF50118"
"storage\schemas\tiered_locator.schema.json","810",".json","492F31917E3E8B7B78AE986F69C60A0E71355D143046F7384EE61A3F45FBB34B"
"storage\schemas\tombstone_record.schema.json","987",".json","A5B00029480F2E9E2640AE8B2A47C7BEAE9619768749B23799D862C9EF8BCE2E"
"storage\schemas\unit_of_work.schema.json","1140",".json","35575981CC2525A295B8C4E10CA9FF9992F087F9A1820BE5424C605614EC467C"
"storage\schemas\vector_row.schema.json","1198",".json","8784D9EB72EB5807A89CC1FC83354BA022B92BE1968C0C6E65DF1406B9634DD0"
"storage\schemas\workflows-workflow_state.schema.json","670",".json","B6B9021C7B66218897DD1DA971B8C93234CDA5F0A47EF7F768475E76962B21FB"
"storage\schemas\workspace_state.schema.json","1137",".json","D0D0301781F01928B16396B1D80EB2B7C970890A1BB77CC168FB47351792CB07"
"storage\schemas\write_receipt.schema.json","971",".json","6C034ACF149B101780281D72B3C491206693CA2EE83BA0792CB8B83CD748DB82"
"tests\contracts\arbitration-contract-tests.md","117",".md","DB320607231BE296B4900C76081C8831193A7BAD787E5FC5E0F6166857C47F23"
"tests\contracts\episodic-contract-tests.md","265",".md","AC9D5333893A6AD90572E1DC42FA5071F16A7A522150E137746DEE73125D82D8"
"tests\contracts\episodic-episodic_event.example.json","195",".json","6F0E3FBA98CA6E8E0D8CD44493B946F327ECE32FFED8D1380D2C42897359C53F"
"tests\contracts\episodic-episodic_segment.example.json","143",".json","9E6C1B993B76F184381962EC43E8BFB8F958910D9EC2B90861E1E9655B36B27E"
"tests\contracts\observability-contract-tests.md","143",".md","1A4709CCB2BDAEAB929E7CA78D018DB229762982B15C21EE019E84AAEB8F3BBB"
"tests\contracts\perception-contract-tests.md","250",".md","0860358D5B3950504D3F146BB5A4F9B143366D9F9FE746D260AF5B1F4065728A"
"tests\contracts\prospective-contract-tests.md","185",".md","9DA5713977122B75FDEA0EB5973072B47A8EED66D95304EA16CEEF6D202E539E"
"tests\contracts\retrieval-contract-tests.md","4371",".md","B0B63604EDD0008CC1D91F9A85E37034D0E95111C0AEA601E6F17E08FBA653E3"
"tests\contracts\services-contract-tests.md","178",".md","27593F00790EA62791385A21795ADAED308999CE286FCC52C7FD77FCA756A535"
"tests\contracts\temporal-contract-tests.md","235",".md","6FDB13A1EB25A7BA1A00E80436D3BC4822EB8B4B938CCE48801B467DF409F549"
"tests\contracts\workflows-contract-tests.md","133",".md","C521E196C86D68CF20A6599AB716FD140F83F5673EDBD16A2A72572BFD942EDE"
"tests\schemas\arbitration-schema-index.json","175",".json","F6C5BB1921F6BCF463F399C270CB97388456F1BABCAFFA9CC73A56925F52DC5D"
"tests\schemas\episodic-schema-index.json","282",".json","F06CEFC79856AAE8F7EA9A45E81063BD7812FE2FDAA6271C034D9CC09A5A309C"
"tests\schemas\observability-schema-index.json","230",".json","9991B807A942890F9E64F9BC3042D4FAD3A14C8367868BD11279B0490DB78614"
"tests\schemas\perception-schema-index.json","182",".json","46CF4ED00098B9A59F69FC6ACEE5DC0D0C8023D018F7BA9815A2ED2462683DDB"
"tests\schemas\prospective-schema-index.json","164",".json","EF83688C56B93693D5720DBB9B2F4610B2B00146F0ADDF738070E0590F0C544C"
"tests\schemas\retrieval-schema-index.json","1773",".json","35B0B43FE166F3398863771B8959B5838CCB27B9AF383558EE1F8AC5A394ADCB"
"tests\schemas\services-schema-index.json","212",".json","458905E074432BA4A501E31F0D13B14CD129CC20CFA22B7CB5FC7B6DB314904E"
"tests\schemas\temporal-schema-index.json","57",".json","970CE30959573EE042635E5C6D07F3E4FAE0643BD10E621B0A2ABA66247ED423"
"tests\schemas\workflows-schema-index.json","65",".json","1E7E4A389A523209E5B4ABA4B7D7EDF7FED7356EB60458F5C152D4F991BC991C"
"tests\validation\arbitration-validate.sh","294",".sh","11E92455E87D52EA9A2E2FC3E84C08AE7FDB017C12AC370567684E23038E908A"
"tests\validation\episodic-validate.sh","757",".sh","CAF936312EB78EE7152FA4E4E8A4B00AE71061D523800262B37414FB8C4B0AFA"
"tests\validation\observability-validate.sh","261",".sh","E04F19C0E2F1BD83AFFD377B3600BA51F7F4E4E80235C1394D2221B66E5C3AFA"
"tests\validation\perception-validate.sh","587",".sh","B2E7168EC53F61D6354ACCEC92BE41E956E16E938DD8551958B3D0C39F137160"
"tests\validation\prospective-validate.sh","320",".sh","A1C13435D0D40358A3B3EC19C095281D638439B21CE4F60763D5C0F97C175476"
"tests\validation\retrieval-validate.sh","301",".sh","986E1DF774FF8200AFC3B0F19CA1105A3D371BB948B07568B08E68D3FF60249A"
"tests\validation\services-validate.sh","557",".sh","C42F666FFEA465EAADF9F0629F2CFE714E257AF5E9D1F07DD160582A6B022B2F"
"tests\validation\temporal-validate.sh","259",".sh","E8F0F461930C67A4B1C7F56A2A62D8B5BE81FAEE3A21A1E6F74DCB21C3F49DCA"
"tests\validation\workflows-validate.sh","89",".sh","7F2E723D12828D289CEDA66D10D49767375C70E60B028D5FA0AA9DAAA98D2FF3"
"tooling\bump_version.py","4558",".py","87E393D300470B92AD8D9773EF13C65E931B50368183FCD64840322ABE7DF72F"
"tooling\makefile","2648","","642474C5E1F43093A356A3D863FD590628E11EA8DB33AD69FF9AE23DC76AAC2A"
"tooling\spectral.config.yaml","3543",".yaml","EC85C14AA561D65987D5AB055348727888C8C64F54014B697B4B8BBB230DD954"
"tooling\validate_all.py","9902",".py","4C44A583C41EE93881B252F555CBB81E6A43E78661BEDE5A58F85691951DF92A"
